[OK] Extracted InfoTerminal-docs-20250909.tar.gz
[OK] Copied docs -> /mnt/data/InfoTerminal-docs-clean/docs
[OK] ADR rehome: /mnt/data/InfoTerminal-docs-clean/docs/architecture/ADR-000-stack.md -> /mnt/data/InfoTerminal-docs-clean/docs/adr/0005-baseline-stack.md
[OK] Runbook unify: /mnt/data/InfoTerminal-docs-clean/docs/dev/runbooks/incident-template.md -> /mnt/data/InfoTerminal-docs-clean/docs/runbooks/incident-template.md
[OK] Runbook unify: /mnt/data/InfoTerminal-docs-clean/docs/dev/runbooks/restore.md -> /mnt/data/InfoTerminal-docs-clean/docs/runbooks/restore.md
[OK] Runbook unify: /mnt/data/InfoTerminal-docs-clean/docs/dev/runbooks/superset-admin.md -> /mnt/data/InfoTerminal-docs-clean/docs/runbooks/superset-admin.md
[OK] Runbook unify: /mnt/data/InfoTerminal-docs-clean/docs/dev/runbooks/neo4j-recovery.md -> /mnt/data/InfoTerminal-docs-clean/docs/runbooks/neo4j-recovery.md
[OK] Runbook unify: /mnt/data/InfoTerminal-docs-clean/docs/dev/runbooks/search-index-ops.md -> /mnt/data/InfoTerminal-docs-clean/docs/runbooks/search-index-ops.md
[OK] Runbook unify: /mnt/data/InfoTerminal-docs-clean/docs/dev/runbooks/auth-gateway-troubleshooting.md -> /mnt/data/InfoTerminal-docs-clean/docs/runbooks/auth-gateway-troubleshooting.md
[OK] Runbook rename: /mnt/data/InfoTerminal-docs-clean/docs/runbooks/RUNBOOK-stack.md -> /mnt/data/InfoTerminal-docs-clean/docs/runbooks/stack.md
[OK] Runbook rename: /mnt/data/InfoTerminal-docs-clean/docs/runbooks/RUNBOOK-obs-opa-secrets.md -> /mnt/data/InfoTerminal-docs-clean/docs/runbooks/obs-opa-secrets.md
[OK] MERGE -> /mnt/data/InfoTerminal-docs-clean/docs/runbooks/stack.md
[OK] MERGE removed: /mnt/data/InfoTerminal-docs-clean/docs/runbooks/stack.md
[OK] MERGE removed: /mnt/data/InfoTerminal-docs-clean/docs/OPERABILITY.md
[OK] MERGE -> /mnt/data/InfoTerminal-docs-clean/docs/dev/guides/testing.md
[OK] MERGE removed: /mnt/data/InfoTerminal-docs-clean/docs/testing.md
[OK] MERGE removed: /mnt/data/InfoTerminal-docs-clean/docs/dev/testing.md
[OK] Deleted ROADMAP-INTELLIGENCE.md
[OK] Roadmap move: /mnt/data/InfoTerminal-docs-clean/docs/TODO-Index.md -> /mnt/data/InfoTerminal-docs-clean/docs/dev/roadmap/v0.1-tasks.md
[OK] Research sources cluster: /mnt/data/InfoTerminal-docs-clean/docs/dev/v0.2/Datenquellen-Cluster.md -> /mnt/data/InfoTerminal-docs-clean/docs/dev/research/datenquellen-cluster.md
[OK] Roadmap prioritization: /mnt/data/InfoTerminal-docs-clean/docs/dev/v0.2/Feature-Priorisierung.md -> /mnt/data/InfoTerminal-docs-clean/docs/dev/roadmap/feature-prioritization.md
[OK] Guide presets: /mnt/data/InfoTerminal-docs-clean/docs/dev/v0.2/Preset-Profile.md -> /mnt/data/InfoTerminal-docs-clean/docs/dev/guides/preset-profiles.md
[OK] Roadmap mapping: /mnt/data/InfoTerminal-docs-clean/docs/dev/v0.2/Feature-Mapping.md -> /mnt/data/InfoTerminal-docs-clean/docs/dev/roadmap/gotham-feature-mapping.md
[OK] Research arch live: /mnt/data/InfoTerminal-docs-clean/docs/dev/v0.2/Architektur-Live-Datenquellen.md -> /mnt/data/InfoTerminal-docs-clean/docs/dev/research/architektur-live-datenquellen.md
[OK] Roadmap to-build: /mnt/data/InfoTerminal-docs-clean/docs/dev/v0.2/To-Build-Liste_v0.1.9.1-v0.2.md -> /mnt/data/InfoTerminal-docs-clean/docs/dev/roadmap/v0.2-to-build.md
[OK] Roadmap devplan: /mnt/data/InfoTerminal-docs-clean/docs/dev/v0.2/DEVELOPMENT-PLAN.md -> /mnt/data/InfoTerminal-docs-clean/docs/dev/roadmap/v0.2-development-plan.md
[WARN] Roadmap to-build: dest existed, using v0.2-to-build-75fb87.md
[OK] Roadmap to-build: /mnt/data/InfoTerminal-docs-clean/docs/dev/v0.2/Ticket-Checkliste.md -> /mnt/data/InfoTerminal-docs-clean/docs/dev/roadmap/v0.2-to-build-75fb87.md
[OK] Roadmap v0.2: /mnt/data/InfoTerminal-docs-clean/docs/dev/v0.2/Roadmap.md -> /mnt/data/InfoTerminal-docs-clean/docs/dev/roadmap/v0.2-roadmap.md
[WARN] Roadmap to-build: dest existed, using v0.2-to-build-175b6f.md
[OK] Roadmap to-build: /mnt/data/InfoTerminal-docs-clean/docs/dev/v0.2/TODO-Index.md -> /mnt/data/InfoTerminal-docs-clean/docs/dev/roadmap/v0.2-to-build-175b6f.md
[OK] Guide flowise agents: /mnt/data/InfoTerminal-docs-clean/docs/dev/v0.2/FlowiseAI-Agents-integration.md -> /mnt/data/InfoTerminal-docs-clean/docs/dev/guides/flowise-agents.md
[OK] Roadmap misc: /mnt/data/InfoTerminal-docs-clean/docs/dev/v0.2/v0.3+/Blueprint-Ideen.md -> /mnt/data/InfoTerminal-docs-clean/docs/dev/roadmap/blueprint-ideen.md
[OK] Roadmap misc: /mnt/data/InfoTerminal-docs-clean/docs/dev/v0.2/v0.3+/beyond-gotham.md -> /mnt/data/InfoTerminal-docs-clean/docs/dev/roadmap/beyond-gotham.md
[WARN] Roadmap v0.2: dest existed, using v0.2-roadmap-ae20ce.md
[OK] Roadmap v0.2: /mnt/data/InfoTerminal-docs-clean/docs/dev/v0.2/v0.3+/Roadmap_Gotham-Gaps_Beyond-Gotham.md -> /mnt/data/InfoTerminal-docs-clean/docs/dev/roadmap/v0.2-roadmap-ae20ce.md
[WARN] Roadmap to-build: dest existed, using v0.2-to-build-a988fb.md
[OK] Roadmap to-build: /mnt/data/InfoTerminal-docs-clean/docs/dev/v0.2/v0.3+/Master-TODO-Index.md -> /mnt/data/InfoTerminal-docs-clean/docs/dev/roadmap/v0.2-to-build-a988fb.md
[WARN] Guide presets: dest existed, using preset-profiles-926c32.md
[OK] Guide presets: /mnt/data/InfoTerminal-docs-clean/docs/dev/v0.2/v0.3+/Preset-Profile_ideen.md -> /mnt/data/InfoTerminal-docs-clean/docs/dev/guides/preset-profiles-926c32.md
[OK] Roadmap misc: /mnt/data/InfoTerminal-docs-clean/docs/dev/v0.2/v0.3+/Release-Plan.md -> /mnt/data/InfoTerminal-docs-clean/docs/dev/roadmap/release-plan.md
[OK] Roadmap misc: /mnt/data/InfoTerminal-docs-clean/docs/dev/v0.2/v0.3+/RAG-Systeme.md -> /mnt/data/InfoTerminal-docs-clean/docs/dev/roadmap/rag-systeme.md
[WARN] Roadmap to-build: dest existed, using v0.2-to-build-49a88e.md
[OK] Roadmap to-build: /mnt/data/InfoTerminal-docs-clean/docs/dev/v0.2/v0.3+/TODO-Index-cli-ergänzung.md -> /mnt/data/InfoTerminal-docs-clean/docs/dev/roadmap/v0.2-to-build-49a88e.md
[OK] MERGE -> /mnt/data/InfoTerminal-docs-clean/docs/dev/guides/frontend-modernization.md
[OK] MERGE removed: /mnt/data/InfoTerminal-docs-clean/docs/dev/Frontend-Modernisierung.md
[OK] MERGE removed: /mnt/data/InfoTerminal-docs-clean/docs/dev/Frontend-Modernisierung_Setup-Guide.md
[OK] MERGE -> /mnt/data/InfoTerminal-docs-clean/docs/dev/guides/rag-systems.md
[OK] MERGE removed: /mnt/data/InfoTerminal-docs-clean/docs/dev/RAG-Systeme.md
[OK] Blueprint rename: /mnt/data/InfoTerminal-docs-clean/docs/blueprints/LEGAL-INTELLIGENCE-BLUEPRINT.md -> /mnt/data/InfoTerminal-docs-clean/docs/blueprints/blueprint-legal.md
[OK] Blueprint rename: /mnt/data/InfoTerminal-docs-clean/docs/blueprints/TERRORISM-INTELLIGENCE-BLUEPRINT.md -> /mnt/data/InfoTerminal-docs-clean/docs/blueprints/blueprint-terrorism.md
[OK] Blueprint rename: /mnt/data/InfoTerminal-docs-clean/docs/blueprints/CLIMATE-INTELLIGENCE-BLUEPRINT.md -> /mnt/data/InfoTerminal-docs-clean/docs/blueprints/blueprint-climate.md
[OK] Blueprint rename: /mnt/data/InfoTerminal-docs-clean/docs/blueprints/GEOPOLITICAL-INTELLIGENCE-BLUEPRINT.md -> /mnt/data/InfoTerminal-docs-clean/docs/blueprints/blueprint-geopolitical.md
[OK] Blueprint rename: /mnt/data/InfoTerminal-docs-clean/docs/blueprints/HUMANITARIAN-INTELLIGENCE-BLUEPRINT.md -> /mnt/data/InfoTerminal-docs-clean/docs/blueprints/blueprint-humanitarian.md
[OK] Blueprint rename: /mnt/data/InfoTerminal-docs-clean/docs/blueprints/SUPPLYCHAIN-INTELLIGENCE-BLUEPRINT.md -> /mnt/data/InfoTerminal-docs-clean/docs/blueprints/blueprint-supplychain.md
[OK] Blueprint rename: /mnt/data/InfoTerminal-docs-clean/docs/blueprints/DISINFO-INTELLIGENCE-BLUEPRINT.md -> /mnt/data/InfoTerminal-docs-clean/docs/blueprints/blueprint-disinfo.md
[OK] Blueprint rename: /mnt/data/InfoTerminal-docs-clean/docs/blueprints/TECHNOLOGY-INTELLIGENCE-BLUEPRINT.md -> /mnt/data/InfoTerminal-docs-clean/docs/blueprints/blueprint-technology.md
[OK] Blueprint rename: /mnt/data/InfoTerminal-docs-clean/docs/blueprints/FLOWISE-AGENTS-BLUEPRINT.md -> /mnt/data/InfoTerminal-docs-clean/docs/blueprints/blueprint-flowise-agents.md
[OK] Blueprint rename: /mnt/data/InfoTerminal-docs-clean/docs/blueprints/CULTURAL-INTELLIGENCE-BLUEPRINT.md -> /mnt/data/InfoTerminal-docs-clean/docs/blueprints/blueprint-cultural.md
[OK] Blueprint rename: /mnt/data/InfoTerminal-docs-clean/docs/blueprints/VERIFICATION-BLUEPRINT.md -> /mnt/data/InfoTerminal-docs-clean/docs/blueprints/blueprint-verification.md
[OK] Blueprint rename: /mnt/data/InfoTerminal-docs-clean/docs/blueprints/MEDIAFORENSICS-INTELLIGENCE-BLUEPRINT.md -> /mnt/data/InfoTerminal-docs-clean/docs/blueprints/blueprint-mediaforensics.md
[OK] Blueprint rename: /mnt/data/InfoTerminal-docs-clean/docs/blueprints/FINANCIAL-INTELLIGENCE-BLUEPRINT.md -> /mnt/data/InfoTerminal-docs-clean/docs/blueprints/blueprint-financial.md
[OK] Blueprint rename: /mnt/data/InfoTerminal-docs-clean/docs/blueprints/ECONOMIC-INTELLIGENCE-BLUEPRINT.md -> /mnt/data/InfoTerminal-docs-clean/docs/blueprints/blueprint-economic.md
[OK] Blueprint rename: /mnt/data/InfoTerminal-docs-clean/docs/blueprints/HEALTH-INTELLIGENCE-BLUEPRINT.md -> /mnt/data/InfoTerminal-docs-clean/docs/blueprints/blueprint-health.md
[OK] Blueprint rename: /mnt/data/InfoTerminal-docs-clean/docs/blueprints/AIETHICS-INTELLIGENCE-BLUEPRINT.md -> /mnt/data/InfoTerminal-docs-clean/docs/blueprints/blueprint-aiethics.md
[OK] Blueprint rename: /mnt/data/InfoTerminal-docs-clean/docs/blueprints/SECURITY-BLUEPRINT.md -> /mnt/data/InfoTerminal-docs-clean/docs/blueprints/blueprint-security.md
[OK] Preset rename: /mnt/data/InfoTerminal-docs-clean/docs/presets/research.yaml -> /mnt/data/InfoTerminal-docs-clean/docs/presets/profile-research.yaml
[OK] Preset rename: /mnt/data/InfoTerminal-docs-clean/docs/presets/disinfo_watchdog.yaml -> /mnt/data/InfoTerminal-docs-clean/docs/presets/profile-disinfo-watchdog.yaml
[OK] Preset rename: /mnt/data/InfoTerminal-docs-clean/docs/presets/agency.yaml -> /mnt/data/InfoTerminal-docs-clean/docs/presets/profile-agency.yaml
[OK] Preset rename: /mnt/data/InfoTerminal-docs-clean/docs/presets/journalism.yaml -> /mnt/data/InfoTerminal-docs-clean/docs/presets/profile-journalism.yaml
[OK] Preset rename: /mnt/data/InfoTerminal-docs-clean/docs/presets/economic_analyst.yaml -> /mnt/data/InfoTerminal-docs-clean/docs/presets/profile-economic-analyst.yaml
[OK] Preset rename: /mnt/data/InfoTerminal-docs-clean/docs/presets/climate_researcher.yaml -> /mnt/data/InfoTerminal-docs-clean/docs/presets/profile-climate-researcher.yaml
[OK] Preset rename: /mnt/data/InfoTerminal-docs-clean/docs/presets/crisis_analyst.yaml -> /mnt/data/InfoTerminal-docs-clean/docs/presets/profile-crisis-analyst.yaml
[OK] Preset rename: /mnt/data/InfoTerminal-docs-clean/docs/presets/compliance_officer.yaml -> /mnt/data/InfoTerminal-docs-clean/docs/presets/profile-compliance-officer.yaml
[OK] Integrations move n8n: /mnt/data/InfoTerminal-docs-clean/docs/n8n/flowise_n8n.md -> /mnt/data/InfoTerminal-docs-clean/docs/integrations/n8n/flowise_n8n.md
[OK] Integrations move n8n: /mnt/data/InfoTerminal-docs-clean/docs/n8n/waveterm_run.md -> /mnt/data/InfoTerminal-docs-clean/docs/integrations/n8n/waveterm_run.md
[OK] Integrations move nifi: /mnt/data/InfoTerminal-docs-clean/docs/nifi/WaveTermInvoker.md -> /mnt/data/InfoTerminal-docs-clean/docs/integrations/nifi/WaveTermInvoker.md
[OK] Integrations move nifi: /mnt/data/InfoTerminal-docs-clean/docs/nifi/flowise_nifi.md -> /mnt/data/InfoTerminal-docs-clean/docs/integrations/nifi/flowise_nifi.md
[OK] Integrations move waveterm: /mnt/data/InfoTerminal-docs-clean/docs/waveterm/it-plugin.json -> /mnt/data/InfoTerminal-docs-clean/docs/integrations/waveterm/it-plugin.json
[OK] Integrations move waveterm: /mnt/data/InfoTerminal-docs-clean/docs/waveterm/embed.yaml -> /mnt/data/InfoTerminal-docs-clean/docs/integrations/waveterm/embed.yaml
[OK] Integrations move waveterm: /mnt/data/InfoTerminal-docs-clean/docs/waveterm/README.md -> /mnt/data/InfoTerminal-docs-clean/docs/integrations/waveterm/README.md
[OK] Integrations move waveterm: /mnt/data/InfoTerminal-docs-clean/docs/waveterm/presets/compliance.yaml -> /mnt/data/InfoTerminal-docs-clean/docs/integrations/waveterm/presets/compliance.yaml
[OK] Integrations move waveterm: /mnt/data/InfoTerminal-docs-clean/docs/waveterm/presets/crisis.yaml -> /mnt/data/InfoTerminal-docs-clean/docs/integrations/waveterm/presets/crisis.yaml
[OK] Integrations move waveterm: /mnt/data/InfoTerminal-docs-clean/docs/waveterm/presets/journalism.yaml -> /mnt/data/InfoTerminal-docs-clean/docs/integrations/waveterm/presets/journalism.yaml
[OK] Integrations move waveterm: /mnt/data/InfoTerminal-docs-clean/docs/waveterm/policies/waveterm.rego -> /mnt/data/InfoTerminal-docs-clean/docs/integrations/waveterm/policies/waveterm.rego
[OK] Integrations move export: /mnt/data/InfoTerminal-docs-clean/docs/export/APPFLOWY.md -> /mnt/data/InfoTerminal-docs-clean/docs/integrations/export/APPFLOWY.md
[OK] Integrations move export: /mnt/data/InfoTerminal-docs-clean/docs/export/BUNDLE-SPEC.md -> /mnt/data/InfoTerminal-docs-clean/docs/integrations/export/BUNDLE-SPEC.md
[OK] Integrations move export: /mnt/data/InfoTerminal-docs-clean/docs/export/AFFINE.md -> /mnt/data/InfoTerminal-docs-clean/docs/integrations/export/AFFINE.md
[OK] Diagram move: /mnt/data/InfoTerminal-docs-clean/docs/diagrams/final_architecture_onepager.pdf -> /mnt/data/InfoTerminal-docs-clean/docs/architecture/diagrams/final-architecture-onepager.pdf
[OK] Diagram move: /mnt/data/InfoTerminal-docs-clean/docs/diagrams/final_architecture_v1.png -> /mnt/data/InfoTerminal-docs-clean/docs/architecture/diagrams/architecture-v1.png
[OK] Diagram move: /mnt/data/InfoTerminal-docs-clean/docs/diagrams/final_architecture_twopager.pdf -> /mnt/data/InfoTerminal-docs-clean/docs/architecture/diagrams/final-architecture-twopager.pdf
[OK] Diagram move: /mnt/data/InfoTerminal-docs-clean/docs/diagrams/ARCHITECTURE.md -> /mnt/data/InfoTerminal-docs-clean/docs/architecture/diagrams/architecture.md
[OK] Diagram move: /mnt/data/InfoTerminal-docs-clean/docs/diagrams/final_architecture_v1.svg -> /mnt/data/InfoTerminal-docs-clean/docs/architecture/diagrams/architecture-v1.svg
[OK] Userdoc rename: /mnt/data/InfoTerminal-docs-clean/docs/user/16.Anhang.md -> /mnt/data/InfoTerminal-docs-clean/docs/user/16-anhang.md
[OK] Userdoc rename: /mnt/data/InfoTerminal-docs-clean/docs/user/8.Integrationen&Erweiterbarkeit.md -> /mnt/data/InfoTerminal-docs-clean/docs/user/08-integrationenunderweiterbarkeit.md
[OK] Userdoc rename: /mnt/data/InfoTerminal-docs-clean/docs/user/11.Tipps&Best-Practices.md -> /mnt/data/InfoTerminal-docs-clean/docs/user/11-tippsundbest-practices.md
[OK] Userdoc rename: /mnt/data/InfoTerminal-docs-clean/docs/user/13.Dokumentenmanagement-mit-Aleph.md -> /mnt/data/InfoTerminal-docs-clean/docs/user/13-dokumentenmanagement-mit-aleph.md
[OK] Userdoc rename: /mnt/data/InfoTerminal-docs-clean/docs/user/15.Dashboards-mit-Superset.md -> /mnt/data/InfoTerminal-docs-clean/docs/user/15-dashboards-mit-superset.md
[OK] Userdoc rename: /mnt/data/InfoTerminal-docs-clean/docs/user/9.Sicherheit&Compliance.md -> /mnt/data/InfoTerminal-docs-clean/docs/user/09-sicherheitundcompliance.md
[OK] Userdoc rename: /mnt/data/InfoTerminal-docs-clean/docs/user/10.Anwendungsfälle.md -> /mnt/data/InfoTerminal-docs-clean/docs/user/10-anwendungsfaelle.md
[OK] Userdoc rename: /mnt/data/InfoTerminal-docs-clean/docs/user/6.Observability&Monitoring.md -> /mnt/data/InfoTerminal-docs-clean/docs/user/06-observabilityundmonitoring.md
[OK] Userdoc rename: /mnt/data/InfoTerminal-docs-clean/docs/user/14.Datenintegration-mit-NiFi.md -> /mnt/data/InfoTerminal-docs-clean/docs/user/14-datenintegration-mit-nifi.md
[OK] Userdoc rename: /mnt/data/InfoTerminal-docs-clean/docs/user/5.Erweiterte-Funktionen.md -> /mnt/data/InfoTerminal-docs-clean/docs/user/05-erweiterte-funktionen.md
[OK] Userdoc rename: /mnt/data/InfoTerminal-docs-clean/docs/user/3.Erste-Schritte.md -> /mnt/data/InfoTerminal-docs-clean/docs/user/03-erste-schritte.md
[OK] Userdoc rename: /mnt/data/InfoTerminal-docs-clean/docs/user/12.Roadmap&Weiterentwicklung.md -> /mnt/data/InfoTerminal-docs-clean/docs/user/12-roadmapundweiterentwicklung.md
[OK] Userdoc rename: /mnt/data/InfoTerminal-docs-clean/docs/user/2.Installation&Setup.md -> /mnt/data/InfoTerminal-docs-clean/docs/user/02-installationundsetup.md
[OK] Userdoc rename: /mnt/data/InfoTerminal-docs-clean/docs/user/7.CLI-Handbuch.md -> /mnt/data/InfoTerminal-docs-clean/docs/user/07-cli-handbuch.md
[OK] Userdoc rename: /mnt/data/InfoTerminal-docs-clean/docs/user/4.Kernfunktionen.md -> /mnt/data/InfoTerminal-docs-clean/docs/user/04-kernfunktionen.md
[OK] Userdoc rename: /mnt/data/InfoTerminal-docs-clean/docs/user/1.Einführung.md -> /mnt/data/InfoTerminal-docs-clean/docs/user/01-einfuehrung.md
[TODO] Frontend Tool-Calls → /api/plugins
[TODO] grep direkte Hosts
[TODO] Legacy NLP prüfen
